{
  "coords": [
    [
      -1.0,
      -1.0
    ],
    [
      1.0,
      -1.0
    ],
    [
      2.3068651573591095,
      1.6757649691188323
    ],
    [
      1.8689974890231025,
      2.740726747829119
    ]
  ],
  "xi": [
    -0.09715946281455477,
    -0.6076372541776479,
    0.2097466668006825,
    -0.654789670148659
  ],
  "eta": [
    1.0,
    -0.903004149698883,
    0.32937820899565207,
    0.17405222819129196
  ],
  "w": [
    3.5269247008902287,
    0.053674992239795924,
    2.620118575444502,
    3.37177603398958
  ],
  "fitness": 3.397669141511003
}