y1,y2,type,lambda_1,lambda_2
0.0,0.0,saddle,-1.0,3.0
6.0,5.0,centre,1.7320508075688776j,-1.7320508075688776j
