sample_index,alpha,delta
1,0.3293227541527063,0.08731406347241487
2,1.4650103538419375,0.016833546297274963
3,1.2286059711878559,0.0772095637965547
4,0.6051988481309474,0.0464815996656298
5,0.9957515635459588,0.036525086920896385
