sample_index,alpha,delta,max_prey
1,0.3293227541527063,0.0873140634724148,10.0
2,1.4650103538419377,0.0168335462972749,56.52752260533114
3,1.228605971187856,0.0772095637965547,15.404594733335376
4,0.6051988481309474,0.0464815996656298,10.283654165173468
5,0.9957515635459588,0.0365250869208963,16.593007712364276
