sample_index,alpha,delta
1,1.148508833507815,0.07607701432125402
2,0.9325140127799676,0.060146277900382836
3,0.40699939510263,0.09341693457263357
4,1.3817578525053449,0.03900243689560628
5,0.5261373871378464,0.04828861366968776
6,1.324573279575732,0.010576114338009309
7,0.5550265178963438,0.08203695647008086
8,0.8180134798736343,0.03181443650778334
9,0.7338086232888199,0.06778083927789864
10,1.0975023541883777,0.02506623269116757
