sample_index,alpha,gamma
1,0.34279829726688754,0.16944763637278826
2,0.6449157194219641,0.2597709062569103
3,0.9720363947377166,0.14398477164924933
4,1.2465547544568378,0.20092678370084524
5,1.45339422441733,0.3483673780291212
6,1.118402280562693,0.28557601545478106
7,0.7776208130381361,0.10985631475884328
8,0.8220364309386226,0.2414590197688518
9,1.3395894306221572,0.31970522065925455
10,0.45173716975973877,0.1866607126586292
