sample_index,alpha,gamma
1,1.0764220832232245,0.2492798433605406
2,0.31844124657743766,0.12392648553551514
3,0.5906661198334049,0.19308221806256287
4,0.9326642506441971,0.3247467458161438
5,1.3629070883789625,0.29159780602212515
