sample_index,beta,gamma
1,0.05785377040648085,0.23763078423070047
2,0.12492272847407926,0.1452707801439187
3,0.23771022672121261,0.19255532880880194
4,0.10538974193169598,0.3107003989569137
5,0.17451663568883058,0.27532975096692464
