sample_index,beta,gamma
1,0.11650297288371614,0.20603274327203558
2,0.030721770986906004,0.23974632381055677
3,0.17151108136128185,0.32723825219114455
4,0.23409084764205157,0.2908533926383472
5,0.08608924871938524,0.1718906344993697
6,0.06538794764135325,0.12517111413843887
7,0.1916597251762371,0.11357458923894623
8,0.09520518615479664,0.1991594329856603
9,0.15589589012129063,0.2693745214437903
10,0.21470840888546494,0.3208501632052166
