{
  "mAP50": 0.40413856495638345,
  "mAP50_95": 0.26560863324127276,
  "precision": 0.6175604718863296,
  "recall": 0.21249060438833528,
  "maps_raw": [
    0.3038470802405585,
    0.21796574811155067,
    0.21020654401016156,
    0.5144027995808107,
    0.297481655703737,
    0.1959500709420113,
    0.1730840542571554,
    0.15346842155072943,
    0.35991214038518954,
    0.22976781763082324
  ]
}