{
  "mAP50": 0.35024493177173294,
  "mAP50_95": 0.22516525530564835,
  "precision": 0.6059111616847659,
  "recall": 0.11224158397787729,
  "maps_raw": [
    0.2863249731743239,
    0.2300420051274359,
    0.16451233110992575,
    0.4396501699736026,
    0.26623566288611583,
    0.16064067774240381,
    0.09668217661940744,
    0.11161849773833873,
    0.30844484839050357,
    0.1875012102944261
  ]
}