{
  "MOTA": 0.2576084196381542,
  "MOTA_std": 0.09912797226728337,
  "MOTP": 0.7403691994470611,
  "MOTP_std": 0.04515591132488316,
  "IDF1": 0.4541321171031079,
  "IDF1_std": 0.12238262968333541,
  "HOTA": 0.5305861014946002,
  "HOTA_std": 0.09570500389734861,
  "IDSW": 3338
}