{
  "MOTA": 0.27843772500152403,
  "MOTA_std": 0.1118613813841431,
  "MOTP": 0.7369274161458382,
  "MOTP_std": 0.043216975628039944,
  "IDF1": 0.4919047187188987,
  "IDF1_std": 0.12429644677810783,
  "HOTA": 0.5600475041289361,
  "HOTA_std": 0.09710669389449696,
  "IDSW": 3614
}